{
    "f1_score": 0.9920440636474909,
    "presision_score": 0.9884146341463415,
    "recall_score": 0.9957002457002457
}