{
    "f1_score": 0.9846153846153847,
    "presision_score": 0.9795918367346939,
    "recall_score": 0.9896907216494846
}